name,email
Omar Shah,omar1@gmail.com
Omar Shah,omar2@gmail.com
Omar Shah,omar3@gmail.com
Omar Shah,omar4@gmail.com
Omar Shah,omar5@gmail.com
Omar Shah,omar6@gmail.com
Omar Shah,omar7@gmail.com
Omar Shah,omar8@gmail.com
Omar Shah,omar9@gmail.com
Omar Shah,omar10@gmail.com
Omar Shah,omar11@gmail.com
Omar Shah,omar12@gmail.com
Omar Shah,omar13@gmail.com
Omar Shah,omar14@gmail.com
Omar Shah,omar15@gmail.com
Omar Shah,omar16@gmail.com
Omar Shah,omar17@gmail.com
Omar Shah,omar18@gmail.com
Omar Shah,omar19@gmail.com
Omar Shah,omar20@gmail.com
Omar Shah,omar21@gmail.com
Omar Shah,omar22@gmail.com
Omar Shah,omar23@gmail.com
Omar Shah,omar24@gmail.com
Omar Shah,omar25@gmail.com
Omar Shah,omar26@gmail.com
Omar Shah,omar27@gmail.com
Omar Shah,omar28@gmail.com
Omar Shah,omar29@gmail.com
Omar Shah,omar30@gmail.com
Omar Shah,omar31@gmail.com
Omar Shah,omar32@gmail.com
Omar Shah,omar33@gmail.com
Omar Shah,omar34@gmail.com
Omar Shah,omar35@gmail.com
Omar Shah,omar36@gmail.com
Omar Shah,omar37@gmail.com
Omar Shah,omar38@gmail.com
Omar Shah,omar39@gmail.com
Omar Shah,omar40@gmail.com
Omar Shah,omar41@gmail.com
Omar Shah,omar42@gmail.com
Omar Shah,omar43@gmail.com
Omar Shah,omar44@gmail.com
Omar Shah,omar45@gmail.com
Omar Shah,omar46@gmail.com
Omar Shah,omar47@gmail.com
Omar Shah,omar48@gmail.com
Omar Shah,omar49@gmail.com
Omar Shah,omar50@gmail.com
Omar Shah,omar51@gmail.com
Omar Shah,omar52@gmail.com
Omar Shah,omar53@gmail.com
Omar Shah,omar54@gmail.com
Omar Shah,omar55@gmail.com
Omar Shah,omar56@gmail.com
Omar Shah,omar57@gmail.com
Omar Shah,omar58@gmail.com
Omar Shah,omar59@gmail.com
Omar Shah,omar60@gmail.com
Omar Shah,omar61@gmail.com
Omar Shah,omar62@gmail.com
Omar Shah,omar63@gmail.com
Omar Shah,omar64@gmail.com
Omar Shah,omar65@gmail.com
Omar Shah,omar66@gmail.com
Omar Shah,omar67@gmail.com
Omar Shah,omar68@gmail.com
Omar Shah,omar69@gmail.com
Omar Shah,omar70@gmail.com
Omar Shah,omar71@gmail.com
Omar Shah,omar72@gmail.com
Omar Shah,omar73@gmail.com
Omar Shah,omar74@gmail.com
Omar Shah,omar75@gmail.com
Omar Shah,omar76@gmail.com
Omar Shah,omar77@gmail.com
Omar Shah,omar78@gmail.com
Omar Shah,omar79@gmail.com
Omar Shah,omar80@gmail.com
Omar Shah,omar81@gmail.com
Omar Shah,omar82@gmail.com
Omar Shah,omar83@gmail.com
Omar Shah,omar84@gmail.com
Omar Shah,omar85@gmail.com
Omar Shah,omar86@gmail.com
Omar Shah,omar87@gmail.com
Omar Shah,omar88@gmail.com
Omar Shah,omar89@gmail.com
Omar Shah,omar90@gmail.com
Omar Shah,omar91@gmail.com
Omar Shah,omar92@gmail.com
Omar Shah,omar93@gmail.com
Omar Shah,omar94@gmail.com
Omar Shah,omar95@gmail.com
Omar Shah,omar96@gmail.com
Omar Shah,omar97@gmail.com
Omar Shah,omar98@gmail.com
Omar Shah,omar99@gmail.com
Omar Shah,omar100@gmail.com
Omar Shah,omar101@gmail.com
Omar Shah,omar102@gmail.com
Omar Shah,omar103@gmail.com
Omar Shah,omar104@gmail.com
Omar Shah,omar105@gmail.com
Omar Shah,omar106@gmail.com
Omar Shah,omar107@gmail.com
Omar Shah,omar108@gmail.com
Omar Shah,omar109@gmail.com
Omar Shah,omar110@gmail.com
Omar Shah,omar111@gmail.com
Omar Shah,omar112@gmail.com
Omar Shah,omar113@gmail.com
Omar Shah,omar114@gmail.com
Omar Shah,omar115@gmail.com
Omar Shah,omar116@gmail.com
Omar Shah,omar117@gmail.com
Omar Shah,omar118@gmail.com
Omar Shah,omar119@gmail.com
Omar Shah,omar120@gmail.com
Omar Shah,omar121@gmail.com
Omar Shah,omar122@gmail.com
Omar Shah,omar123@gmail.com
Omar Shah,omar124@gmail.com
Omar Shah,omar125@gmail.com
Omar Shah,omar126@gmail.com
Omar Shah,omar127@gmail.com
Omar Shah,omar128@gmail.com
Omar Shah,omar129@gmail.com
Omar Shah,omar130@gmail.com
Omar Shah,omar131@gmail.com
Omar Shah,omar132@gmail.com
Omar Shah,omar133@gmail.com
Omar Shah,omar134@gmail.com
Omar Shah,omar135@gmail.com
Omar Shah,omar136@gmail.com
Omar Shah,omar137@gmail.com
Omar Shah,omar138@gmail.com
Omar Shah,omar139@gmail.com
Omar Shah,omar140@gmail.com
Omar Shah,omar141@gmail.com
Omar Shah,omar142@gmail.com
Omar Shah,omar143@gmail.com
Omar Shah,omar144@gmail.com
Omar Shah,omar145@gmail.com
Omar Shah,omar146@gmail.com
Omar Shah,omar147@gmail.com
Omar Shah,omar148@gmail.com
Omar Shah,omar149@gmail.com
Omar Shah,omar150@gmail.com
Omar Shah,omar151@gmail.com
Omar Shah,omar152@gmail.com
Omar Shah,omar153@gmail.com
Omar Shah,omar154@gmail.com
Omar Shah,omar155@gmail.com
Omar Shah,omar156@gmail.com
Omar Shah,omar157@gmail.com
Omar Shah,omar158@gmail.com
Omar Shah,omar159@gmail.com
Omar Shah,omar160@gmail.com
Omar Shah,omar161@gmail.com
Omar Shah,omar162@gmail.com
Omar Shah,omar163@gmail.com
Omar Shah,omar164@gmail.com
Omar Shah,omar165@gmail.com
Omar Shah,omar166@gmail.com
Omar Shah,omar167@gmail.com
Omar Shah,omar168@gmail.com
Omar Shah,omar169@gmail.com
Omar Shah,omar170@gmail.com
Omar Shah,omar171@gmail.com
Omar Shah,omar172@gmail.com
Omar Shah,omar173@gmail.com
Omar Shah,omar174@gmail.com
Omar Shah,omar175@gmail.com
Omar Shah,omar176@gmail.com
Omar Shah,omar177@gmail.com
Omar Shah,omar178@gmail.com
Omar Shah,omar179@gmail.com
Omar Shah,omar180@gmail.com
Omar Shah,omar181@gmail.com
Omar Shah,omar182@gmail.com
Omar Shah,omar183@gmail.com
Omar Shah,omar184@gmail.com
Omar Shah,omar185@gmail.com
Omar Shah,omar186@gmail.com
Omar Shah,omar187@gmail.com
Omar Shah,omar188@gmail.com
Omar Shah,omar189@gmail.com
Omar Shah,omar190@gmail.com
Omar Shah,omar191@gmail.com
Omar Shah,omar192@gmail.com
Omar Shah,omar193@gmail.com
Omar Shah,omar194@gmail.com
Omar Shah,omar195@gmail.com
Omar Shah,omar196@gmail.com
Omar Shah,omar197@gmail.com
Omar Shah,omar198@gmail.com
Omar Shah,omar199@gmail.com
Omar Shah,omar200@gmail.com
Omar Shah,omar201@gmail.com
Omar Shah,omar202@gmail.com
Omar Shah,omar203@gmail.com
Omar Shah,omar204@gmail.com
Omar Shah,omar205@gmail.com
Omar Shah,omar206@gmail.com
Omar Shah,omar207@gmail.com
Omar Shah,omar208@gmail.com
Omar Shah,omar209@gmail.com
Omar Shah,omar210@gmail.com
Omar Shah,omar211@gmail.com
Omar Shah,omar212@gmail.com
Omar Shah,omar213@gmail.com
Omar Shah,omar214@gmail.com
Omar Shah,omar215@gmail.com
Omar Shah,omar216@gmail.com
Omar Shah,omar217@gmail.com
Omar Shah,omar218@gmail.com
Omar Shah,omar219@gmail.com
Omar Shah,omar220@gmail.com
Omar Shah,omar221@gmail.com
Omar Shah,omar222@gmail.com
Omar Shah,omar223@gmail.com
Omar Shah,omar224@gmail.com
Omar Shah,omar225@gmail.com
Omar Shah,omar226@gmail.com
Omar Shah,omar227@gmail.com
Omar Shah,omar228@gmail.com
Omar Shah,omar229@gmail.com
Omar Shah,omar230@gmail.com
Omar Shah,omar231@gmail.com
Omar Shah,omar232@gmail.com
Omar Shah,omar233@gmail.com
Omar Shah,omar234@gmail.com
Omar Shah,omar235@gmail.com
Omar Shah,omar236@gmail.com
Omar Shah,omar237@gmail.com
Omar Shah,omar238@gmail.com
Omar Shah,omar239@gmail.com
Omar Shah,omar240@gmail.com
Omar Shah,omar241@gmail.com
Omar Shah,omar242@gmail.com
Omar Shah,omar243@gmail.com
Omar Shah,omar244@gmail.com
Omar Shah,omar245@gmail.com
Omar Shah,omar246@gmail.com
Omar Shah,omar247@gmail.com
Omar Shah,omar248@gmail.com
Omar Shah,omar249@gmail.com
Omar Shah,omar250@gmail.com
Omar Shah,omar251@gmail.com
Omar Shah,omar252@gmail.com
Omar Shah,omar253@gmail.com
Omar Shah,omar254@gmail.com
Omar Shah,omar255@gmail.com
Omar Shah,omar256@gmail.com
Omar Shah,omar257@gmail.com
Omar Shah,omar258@gmail.com
Omar Shah,omar259@gmail.com
Omar Shah,omar260@gmail.com
Omar Shah,omar261@gmail.com
Omar Shah,omar262@gmail.com
Omar Shah,omar263@gmail.com
Omar Shah,omar264@gmail.com
Omar Shah,omar265@gmail.com
Omar Shah,omar266@gmail.com
Omar Shah,omar267@gmail.com
Omar Shah,omar268@gmail.com
Omar Shah,omar269@gmail.com
Omar Shah,omar270@gmail.com
Omar Shah,omar271@gmail.com
Omar Shah,omar272@gmail.com
Omar Shah,omar273@gmail.com
Omar Shah,omar274@gmail.com
Omar Shah,omar275@gmail.com
Omar Shah,omar276@gmail.com
Omar Shah,omar277@gmail.com
Omar Shah,omar278@gmail.com
Omar Shah,omar279@gmail.com
Omar Shah,omar280@gmail.com
Omar Shah,omar281@gmail.com
Omar Shah,omar282@gmail.com
Omar Shah,omar283@gmail.com
Omar Shah,omar284@gmail.com
Omar Shah,omar285@gmail.com
Omar Shah,omar286@gmail.com
Omar Shah,omar287@gmail.com
Omar Shah,omar288@gmail.com
Omar Shah,omar289@gmail.com
Omar Shah,omar290@gmail.com
Omar Shah,omar291@gmail.com
Omar Shah,omar292@gmail.com
Omar Shah,omar293@gmail.com
Omar Shah,omar294@gmail.com
Omar Shah,omar295@gmail.com
Omar Shah,omar296@gmail.com
Omar Shah,omar297@gmail.com
Omar Shah,omar298@gmail.com
Omar Shah,omar299@gmail.com
Omar Shah,omar300@gmail.com
Omar Shah,omar301@gmail.com
Omar Shah,omar302@gmail.com
Omar Shah,omar303@gmail.com
Omar Shah,omar304@gmail.com
Omar Shah,omar305@gmail.com
Omar Shah,omar306@gmail.com
Omar Shah,omar307@gmail.com
Omar Shah,omar308@gmail.com
Omar Shah,omar309@gmail.com
Omar Shah,omar310@gmail.com
Omar Shah,omar311@gmail.com
Omar Shah,omar312@gmail.com
Omar Shah,omar313@gmail.com
Omar Shah,omar314@gmail.com
Omar Shah,omar315@gmail.com
Omar Shah,omar316@gmail.com
Omar Shah,omar317@gmail.com
Omar Shah,omar318@gmail.com
Omar Shah,omar319@gmail.com
Omar Shah,omar320@gmail.com
Omar Shah,omar321@gmail.com
Omar Shah,omar322@gmail.com
Omar Shah,omar323@gmail.com
Omar Shah,omar324@gmail.com
Omar Shah,omar325@gmail.com
Omar Shah,omar326@gmail.com
Omar Shah,omar327@gmail.com
Omar Shah,omar328@gmail.com
Omar Shah,omar329@gmail.com
Omar Shah,omar330@gmail.com
Omar Shah,omar331@gmail.com
Omar Shah,omar332@gmail.com
Omar Shah,omar333@gmail.com
Omar Shah,omar334@gmail.com
Omar Shah,omar335@gmail.com
Omar Shah,omar336@gmail.com
Omar Shah,omar337@gmail.com
Omar Shah,omar338@gmail.com
Omar Shah,omar339@gmail.com
Omar Shah,omar340@gmail.com
Omar Shah,omar341@gmail.com
Omar Shah,omar342@gmail.com
Omar Shah,omar343@gmail.com
Omar Shah,omar344@gmail.com
Omar Shah,omar345@gmail.com
Omar Shah,omar346@gmail.com
Omar Shah,omar347@gmail.com
Omar Shah,omar348@gmail.com
Omar Shah,omar349@gmail.com
Omar Shah,omar350@gmail.com
Omar Shah,omar351@gmail.com
Omar Shah,omar352@gmail.com
Omar Shah,omar353@gmail.com
Omar Shah,omar354@gmail.com
Omar Shah,omar355@gmail.com
Omar Shah,omar356@gmail.com
Omar Shah,omar357@gmail.com
Omar Shah,omar358@gmail.com
Omar Shah,omar359@gmail.com
Omar Shah,omar360@gmail.com
Omar Shah,omar361@gmail.com
Omar Shah,omar362@gmail.com
Omar Shah,omar363@gmail.com
Omar Shah,omar364@gmail.com
Omar Shah,omar365@gmail.com
Omar Shah,omar366@gmail.com
Omar Shah,omar367@gmail.com
Omar Shah,omar368@gmail.com
Omar Shah,omar369@gmail.com
Omar Shah,omar370@gmail.com
Omar Shah,omar371@gmail.com
Omar Shah,omar372@gmail.com
Omar Shah,omar373@gmail.com
Omar Shah,omar374@gmail.com
Omar Shah,omar375@gmail.com
Omar Shah,omar376@gmail.com
Omar Shah,omar377@gmail.com
Omar Shah,omar378@gmail.com
Omar Shah,omar379@gmail.com
Omar Shah,omar380@gmail.com
Omar Shah,omar381@gmail.com
Omar Shah,omar382@gmail.com
Omar Shah,omar383@gmail.com
Omar Shah,omar384@gmail.com
Omar Shah,omar385@gmail.com
Omar Shah,omar386@gmail.com
Omar Shah,omar387@gmail.com
Omar Shah,omar388@gmail.com
Omar Shah,omar389@gmail.com
Omar Shah,omar390@gmail.com
Omar Shah,omar391@gmail.com
Omar Shah,omar392@gmail.com
Omar Shah,omar393@gmail.com
Omar Shah,omar394@gmail.com
Omar Shah,omar395@gmail.com
Omar Shah,omar396@gmail.com
Omar Shah,omar397@gmail.com
Omar Shah,omar398@gmail.com
Omar Shah,omar399@gmail.com
Omar Shah,omar400@gmail.com
Omar Shah,omar401@gmail.com
Omar Shah,omar402@gmail.com
Omar Shah,omar403@gmail.com
Omar Shah,omar404@gmail.com
Omar Shah,omar405@gmail.com
Omar Shah,omar406@gmail.com
Omar Shah,omar407@gmail.com
Omar Shah,omar408@gmail.com
Omar Shah,omar409@gmail.com
Omar Shah,omar410@gmail.com
Omar Shah,omar411@gmail.com
Omar Shah,omar412@gmail.com
Omar Shah,omar413@gmail.com
Omar Shah,omar414@gmail.com
Omar Shah,omar415@gmail.com
Omar Shah,omar416@gmail.com
Omar Shah,omar417@gmail.com
Omar Shah,omar418@gmail.com
Omar Shah,omar419@gmail.com
Omar Shah,omar420@gmail.com
Omar Shah,omar421@gmail.com
Omar Shah,omar422@gmail.com
Omar Shah,omar423@gmail.com
Omar Shah,omar424@gmail.com
Omar Shah,omar425@gmail.com
Omar Shah,omar426@gmail.com
Omar Shah,omar427@gmail.com
Omar Shah,omar428@gmail.com
Omar Shah,omar429@gmail.com
Omar Shah,omar430@gmail.com
Omar Shah,omar431@gmail.com
Omar Shah,omar432@gmail.com
Omar Shah,omar433@gmail.com
Omar Shah,omar434@gmail.com
Omar Shah,omar435@gmail.com
Omar Shah,omar436@gmail.com
Omar Shah,omar437@gmail.com
Omar Shah,omar438@gmail.com
Omar Shah,omar439@gmail.com
Omar Shah,omar440@gmail.com
Omar Shah,omar441@gmail.com
Omar Shah,omar442@gmail.com
Omar Shah,omar443@gmail.com
Omar Shah,omar444@gmail.com
Omar Shah,omar445@gmail.com
Omar Shah,omar446@gmail.com
Omar Shah,omar447@gmail.com
Omar Shah,omar448@gmail.com
Omar Shah,omar449@gmail.com
Omar Shah,omar450@gmail.com
Omar Shah,omar451@gmail.com
Omar Shah,omar452@gmail.com
Omar Shah,omar453@gmail.com
Omar Shah,omar454@gmail.com
Omar Shah,omar455@gmail.com
Omar Shah,omar456@gmail.com
Omar Shah,omar457@gmail.com
Omar Shah,omar458@gmail.com
Omar Shah,omar459@gmail.com
Omar Shah,omar460@gmail.com
Omar Shah,omar461@gmail.com
Omar Shah,omar462@gmail.com
Omar Shah,omar463@gmail.com
Omar Shah,omar464@gmail.com
Omar Shah,omar465@gmail.com
Omar Shah,omar466@gmail.com
Omar Shah,omar467@gmail.com
Omar Shah,omar468@gmail.com
Omar Shah,omar469@gmail.com
Omar Shah,omar470@gmail.com
Omar Shah,omar471@gmail.com
Omar Shah,omar472@gmail.com
Omar Shah,omar473@gmail.com
Omar Shah,omar474@gmail.com
Omar Shah,omar475@gmail.com
Omar Shah,omar476@gmail.com
Omar Shah,omar477@gmail.com
Omar Shah,omar478@gmail.com
Omar Shah,omar479@gmail.com
Omar Shah,omar480@gmail.com
Omar Shah,omar481@gmail.com
Omar Shah,omar482@gmail.com
Omar Shah,omar483@gmail.com
Omar Shah,omar484@gmail.com
Omar Shah,omar485@gmail.com
Omar Shah,omar486@gmail.com
Omar Shah,omar487@gmail.com
Omar Shah,omar488@gmail.com
Omar Shah,omar489@gmail.com
Omar Shah,omar490@gmail.com
Omar Shah,omar491@gmail.com
Omar Shah,omar492@gmail.com
Omar Shah,omar493@gmail.com
Omar Shah,omar494@gmail.com
Omar Shah,omar495@gmail.com
Omar Shah,omar496@gmail.com
Omar Shah,omar497@gmail.com
Omar Shah,omar498@gmail.com
Omar Shah,omar499@gmail.com
Omar Shah,omar500@gmail.com
Omar Shah,omar501@gmail.com
Omar Shah,omar502@gmail.com
Omar Shah,omar503@gmail.com
Omar Shah,omar504@gmail.com
Omar Shah,omar505@gmail.com
Omar Shah,omar506@gmail.com
Omar Shah,omar507@gmail.com
Omar Shah,omar508@gmail.com
Omar Shah,omar509@gmail.com
Omar Shah,omar510@gmail.com
Omar Shah,omar511@gmail.com
Omar Shah,omar512@gmail.com
Omar Shah,omar513@gmail.com
Omar Shah,omar514@gmail.com
Omar Shah,omar515@gmail.com
Omar Shah,omar516@gmail.com
Omar Shah,omar517@gmail.com
Omar Shah,omar518@gmail.com
Omar Shah,omar519@gmail.com
Omar Shah,omar520@gmail.com
Omar Shah,omar521@gmail.com
Omar Shah,omar522@gmail.com
Omar Shah,omar523@gmail.com
Omar Shah,omar524@gmail.com
Omar Shah,omar525@gmail.com
Omar Shah,omar526@gmail.com
Omar Shah,omar527@gmail.com
Omar Shah,omar528@gmail.com
Omar Shah,omar529@gmail.com
Omar Shah,omar530@gmail.com
Omar Shah,omar531@gmail.com
Omar Shah,omar532@gmail.com
Omar Shah,omar533@gmail.com
Omar Shah,omar534@gmail.com
Omar Shah,omar535@gmail.com
Omar Shah,omar536@gmail.com
Omar Shah,omar537@gmail.com
Omar Shah,omar538@gmail.com
Omar Shah,omar539@gmail.com
Omar Shah,omar540@gmail.com
Omar Shah,omar541@gmail.com
Omar Shah,omar542@gmail.com
Omar Shah,omar543@gmail.com
Omar Shah,omar544@gmail.com
Omar Shah,omar545@gmail.com
Omar Shah,omar546@gmail.com
Omar Shah,omar547@gmail.com
Omar Shah,omar548@gmail.com
Omar Shah,omar549@gmail.com
Omar Shah,omar550@gmail.com
Omar Shah,omar551@gmail.com
Omar Shah,omar552@gmail.com
Omar Shah,omar553@gmail.com
Omar Shah,omar554@gmail.com
Omar Shah,omar555@gmail.com
Omar Shah,omar556@gmail.com
Omar Shah,omar557@gmail.com
Omar Shah,omar558@gmail.com
Omar Shah,omar559@gmail.com
Omar Shah,omar560@gmail.com
Omar Shah,omar561@gmail.com
Omar Shah,omar562@gmail.com
Omar Shah,omar563@gmail.com
Omar Shah,omar564@gmail.com
Omar Shah,omar565@gmail.com
Omar Shah,omar566@gmail.com
Omar Shah,omar567@gmail.com
Omar Shah,omar568@gmail.com
Omar Shah,omar569@gmail.com
Omar Shah,omar570@gmail.com
Omar Shah,omar571@gmail.com
Omar Shah,omar572@gmail.com
Omar Shah,omar573@gmail.com
Omar Shah,omar574@gmail.com
Omar Shah,omar575@gmail.com
Omar Shah,omar576@gmail.com
Omar Shah,omar577@gmail.com
Omar Shah,omar578@gmail.com
Omar Shah,omar579@gmail.com
Omar Shah,omar580@gmail.com
Omar Shah,omar581@gmail.com
Omar Shah,omar582@gmail.com
Omar Shah,omar583@gmail.com
Omar Shah,omar584@gmail.com
Omar Shah,omar585@gmail.com
Omar Shah,omar586@gmail.com
Omar Shah,omar587@gmail.com
Omar Shah,omar588@gmail.com
Omar Shah,omar589@gmail.com
Omar Shah,omar590@gmail.com
Omar Shah,omar591@gmail.com
Omar Shah,omar592@gmail.com
Omar Shah,omar593@gmail.com
Omar Shah,omar594@gmail.com
Omar Shah,omar595@gmail.com
Omar Shah,omar596@gmail.com
Omar Shah,omar597@gmail.com
Omar Shah,omar598@gmail.com
Omar Shah,omar599@gmail.com
Omar Shah,omar600@gmail.com
Omar Shah,omar601@gmail.com
Omar Shah,omar602@gmail.com
Omar Shah,omar603@gmail.com
Omar Shah,omar604@gmail.com
Omar Shah,omar605@gmail.com
Omar Shah,omar606@gmail.com
Omar Shah,omar607@gmail.com
Omar Shah,omar608@gmail.com
Omar Shah,omar609@gmail.com
Omar Shah,omar610@gmail.com
Omar Shah,omar611@gmail.com
Omar Shah,omar612@gmail.com
Omar Shah,omar613@gmail.com
Omar Shah,omar614@gmail.com
Omar Shah,omar615@gmail.com
Omar Shah,omar616@gmail.com
Omar Shah,omar617@gmail.com
Omar Shah,omar618@gmail.com
Omar Shah,omar619@gmail.com
Omar Shah,omar620@gmail.com
Omar Shah,omar621@gmail.com
Omar Shah,omar622@gmail.com
Omar Shah,omar623@gmail.com
Omar Shah,omar624@gmail.com
Omar Shah,omar625@gmail.com
Omar Shah,omar626@gmail.com
Omar Shah,omar627@gmail.com
Omar Shah,omar628@gmail.com
Omar Shah,omar629@gmail.com
Omar Shah,omar630@gmail.com
Omar Shah,omar631@gmail.com
Omar Shah,omar632@gmail.com
Omar Shah,omar633@gmail.com
Omar Shah,omar634@gmail.com
Omar Shah,omar635@gmail.com
Omar Shah,omar636@gmail.com
Omar Shah,omar637@gmail.com
Omar Shah,omar638@gmail.com
Omar Shah,omar639@gmail.com
Omar Shah,omar640@gmail.com
Omar Shah,omar641@gmail.com
Omar Shah,omar642@gmail.com
Omar Shah,omar643@gmail.com
Omar Shah,omar644@gmail.com
Omar Shah,omar645@gmail.com
Omar Shah,omar646@gmail.com
Omar Shah,omar647@gmail.com
Omar Shah,omar648@gmail.com
Omar Shah,omar649@gmail.com
Omar Shah,omar650@gmail.com
Omar Shah,omar651@gmail.com
Omar Shah,omar652@gmail.com
Omar Shah,omar653@gmail.com
Omar Shah,omar654@gmail.com
Omar Shah,omar655@gmail.com
Omar Shah,omar656@gmail.com
Omar Shah,omar657@gmail.com
Omar Shah,omar658@gmail.com
Omar Shah,omar659@gmail.com
Omar Shah,omar660@gmail.com
Omar Shah,omar661@gmail.com
Omar Shah,omar662@gmail.com
Omar Shah,omar663@gmail.com
Omar Shah,omar664@gmail.com
Omar Shah,omar665@gmail.com
Omar Shah,omar666@gmail.com
Omar Shah,omar667@gmail.com
Omar Shah,omar668@gmail.com
Omar Shah,omar669@gmail.com
Omar Shah,omar670@gmail.com
Omar Shah,omar671@gmail.com
Omar Shah,omar672@gmail.com
Omar Shah,omar673@gmail.com
Omar Shah,omar674@gmail.com
Omar Shah,omar675@gmail.com
Omar Shah,omar676@gmail.com
Omar Shah,omar677@gmail.com
Omar Shah,omar678@gmail.com
Omar Shah,omar679@gmail.com
Omar Shah,omar680@gmail.com
Omar Shah,omar681@gmail.com
Omar Shah,omar682@gmail.com
Omar Shah,omar683@gmail.com
Omar Shah,omar684@gmail.com
Omar Shah,omar685@gmail.com
Omar Shah,omar686@gmail.com
Omar Shah,omar687@gmail.com
Omar Shah,omar688@gmail.com
Omar Shah,omar689@gmail.com
Omar Shah,omar690@gmail.com
Omar Shah,omar691@gmail.com
Omar Shah,omar692@gmail.com
Omar Shah,omar693@gmail.com
Omar Shah,omar694@gmail.com
Omar Shah,omar695@gmail.com
Omar Shah,omar696@gmail.com
Omar Shah,omar697@gmail.com
Omar Shah,omar698@gmail.com
Omar Shah,omar699@gmail.com
Omar Shah,omar700@gmail.com
Omar Shah,omar701@gmail.com
Omar Shah,omar702@gmail.com
Omar Shah,omar703@gmail.com
Omar Shah,omar704@gmail.com
Omar Shah,omar705@gmail.com
Omar Shah,omar706@gmail.com
Omar Shah,omar707@gmail.com
Omar Shah,omar708@gmail.com
Omar Shah,omar709@gmail.com
Omar Shah,omar710@gmail.com
Omar Shah,omar711@gmail.com
Omar Shah,omar712@gmail.com
Omar Shah,omar713@gmail.com
Omar Shah,omar714@gmail.com
Omar Shah,omar715@gmail.com
Omar Shah,omar716@gmail.com
Omar Shah,omar717@gmail.com
Omar Shah,omar718@gmail.com
Omar Shah,omar719@gmail.com
Omar Shah,omar720@gmail.com
Omar Shah,omar721@gmail.com
Omar Shah,omar722@gmail.com
Omar Shah,omar723@gmail.com
Omar Shah,omar724@gmail.com
Omar Shah,omar725@gmail.com
Omar Shah,omar726@gmail.com
Omar Shah,omar727@gmail.com
Omar Shah,omar728@gmail.com
Omar Shah,omar729@gmail.com
Omar Shah,omar730@gmail.com
Omar Shah,omar731@gmail.com
Omar Shah,omar732@gmail.com
Omar Shah,omar733@gmail.com
Omar Shah,omar734@gmail.com
Omar Shah,omar735@gmail.com
Omar Shah,omar736@gmail.com
Omar Shah,omar737@gmail.com
Omar Shah,omar738@gmail.com
Omar Shah,omar739@gmail.com
Omar Shah,omar740@gmail.com
Omar Shah,omar741@gmail.com
Omar Shah,omar742@gmail.com
Omar Shah,omar743@gmail.com
Omar Shah,omar744@gmail.com
Omar Shah,omar745@gmail.com
Omar Shah,omar746@gmail.com
Omar Shah,omar747@gmail.com
Omar Shah,omar748@gmail.com
Omar Shah,omar749@gmail.com
Omar Shah,omar750@gmail.com
Omar Shah,omar751@gmail.com
Omar Shah,omar752@gmail.com
Omar Shah,omar753@gmail.com
Omar Shah,omar754@gmail.com
Omar Shah,omar755@gmail.com
Omar Shah,omar756@gmail.com
Omar Shah,omar757@gmail.com
Omar Shah,omar758@gmail.com
Omar Shah,omar759@gmail.com
Omar Shah,omar760@gmail.com
Omar Shah,omar761@gmail.com
Omar Shah,omar762@gmail.com
Omar Shah,omar763@gmail.com
Omar Shah,omar764@gmail.com
Omar Shah,omar765@gmail.com
Omar Shah,omar766@gmail.com
Omar Shah,omar767@gmail.com
Omar Shah,omar768@gmail.com
Omar Shah,omar769@gmail.com
Omar Shah,omar770@gmail.com
Omar Shah,omar771@gmail.com
Omar Shah,omar772@gmail.com
Omar Shah,omar773@gmail.com
Omar Shah,omar774@gmail.com
Omar Shah,omar775@gmail.com
Omar Shah,omar776@gmail.com
Omar Shah,omar777@gmail.com
Omar Shah,omar778@gmail.com
Omar Shah,omar779@gmail.com
Omar Shah,omar780@gmail.com
Omar Shah,omar781@gmail.com
Omar Shah,omar782@gmail.com
Omar Shah,omar783@gmail.com
Omar Shah,omar784@gmail.com
Omar Shah,omar785@gmail.com
Omar Shah,omar786@gmail.com
Omar Shah,omar787@gmail.com
Omar Shah,omar788@gmail.com
Omar Shah,omar789@gmail.com
Omar Shah,omar790@gmail.com
Omar Shah,omar791@gmail.com
Omar Shah,omar792@gmail.com
Omar Shah,omar793@gmail.com
Omar Shah,omar794@gmail.com
Omar Shah,omar795@gmail.com
Omar Shah,omar796@gmail.com
Omar Shah,omar797@gmail.com
Omar Shah,omar798@gmail.com
Omar Shah,omar799@gmail.com
Omar Shah,omar800@gmail.com
Omar Shah,omar801@gmail.com
Omar Shah,omar802@gmail.com
Omar Shah,omar803@gmail.com
Omar Shah,omar804@gmail.com
Omar Shah,omar805@gmail.com
Omar Shah,omar806@gmail.com
Omar Shah,omar807@gmail.com
Omar Shah,omar808@gmail.com
Omar Shah,omar809@gmail.com
Omar Shah,omar810@gmail.com
Omar Shah,omar811@gmail.com
Omar Shah,omar812@gmail.com
Omar Shah,omar813@gmail.com
Omar Shah,omar814@gmail.com
Omar Shah,omar815@gmail.com
Omar Shah,omar816@gmail.com
Omar Shah,omar817@gmail.com
Omar Shah,omar818@gmail.com
Omar Shah,omar819@gmail.com
Omar Shah,omar820@gmail.com
Omar Shah,omar821@gmail.com
Omar Shah,omar822@gmail.com
Omar Shah,omar823@gmail.com
Omar Shah,omar824@gmail.com
Omar Shah,omar825@gmail.com
Omar Shah,omar826@gmail.com
Omar Shah,omar827@gmail.com
Omar Shah,omar828@gmail.com
Omar Shah,omar829@gmail.com
Omar Shah,omar830@gmail.com
Omar Shah,omar831@gmail.com
Omar Shah,omar832@gmail.com
Omar Shah,omar833@gmail.com
Omar Shah,omar834@gmail.com
Omar Shah,omar835@gmail.com
Omar Shah,omar836@gmail.com
Omar Shah,omar837@gmail.com
Omar Shah,omar838@gmail.com
Omar Shah,omar839@gmail.com
Omar Shah,omar840@gmail.com
Omar Shah,omar841@gmail.com
Omar Shah,omar842@gmail.com
Omar Shah,omar843@gmail.com
Omar Shah,omar844@gmail.com
Omar Shah,omar845@gmail.com
Omar Shah,omar846@gmail.com
Omar Shah,omar847@gmail.com
Omar Shah,omar848@gmail.com
Omar Shah,omar849@gmail.com
Omar Shah,omar850@gmail.com
Omar Shah,omar851@gmail.com
Omar Shah,omar852@gmail.com
Omar Shah,omar853@gmail.com
Omar Shah,omar854@gmail.com
Omar Shah,omar855@gmail.com
Omar Shah,omar856@gmail.com
Omar Shah,omar857@gmail.com
Omar Shah,omar858@gmail.com
Omar Shah,omar859@gmail.com
Omar Shah,omar860@gmail.com
Omar Shah,omar861@gmail.com
Omar Shah,omar862@gmail.com
Omar Shah,omar863@gmail.com
Omar Shah,omar864@gmail.com
Omar Shah,omar865@gmail.com
Omar Shah,omar866@gmail.com
Omar Shah,omar867@gmail.com
Omar Shah,omar868@gmail.com
Omar Shah,omar869@gmail.com
Omar Shah,omar870@gmail.com
Omar Shah,omar871@gmail.com
Omar Shah,omar872@gmail.com
Omar Shah,omar873@gmail.com
Omar Shah,omar874@gmail.com
Omar Shah,omar875@gmail.com
Omar Shah,omar876@gmail.com
Omar Shah,omar877@gmail.com
Omar Shah,omar878@gmail.com
Omar Shah,omar879@gmail.com
Omar Shah,omar880@gmail.com
Omar Shah,omar881@gmail.com
Omar Shah,omar882@gmail.com
Omar Shah,omar883@gmail.com
Omar Shah,omar884@gmail.com
Omar Shah,omar885@gmail.com
Omar Shah,omar886@gmail.com
Omar Shah,omar887@gmail.com
Omar Shah,omar888@gmail.com
Omar Shah,omar889@gmail.com
Omar Shah,omar890@gmail.com
Omar Shah,omar891@gmail.com
Omar Shah,omar892@gmail.com
Omar Shah,omar893@gmail.com
Omar Shah,omar894@gmail.com
Omar Shah,omar895@gmail.com
Omar Shah,omar896@gmail.com
Omar Shah,omar897@gmail.com
Omar Shah,omar898@gmail.com
Omar Shah,omar899@gmail.com
Omar Shah,omar900@gmail.com
Omar Shah,omar901@gmail.com
Omar Shah,omar902@gmail.com
Omar Shah,omar903@gmail.com
Omar Shah,omar904@gmail.com
Omar Shah,omar905@gmail.com
Omar Shah,omar906@gmail.com
Omar Shah,omar907@gmail.com
Omar Shah,omar908@gmail.com
Omar Shah,omar909@gmail.com
Omar Shah,omar910@gmail.com
Omar Shah,omar911@gmail.com
Omar Shah,omar912@gmail.com
Omar Shah,omar913@gmail.com
Omar Shah,omar914@gmail.com
Omar Shah,omar915@gmail.com
Omar Shah,omar916@gmail.com
Omar Shah,omar917@gmail.com
Omar Shah,omar918@gmail.com
Omar Shah,omar919@gmail.com
Omar Shah,omar920@gmail.com
Omar Shah,omar921@gmail.com
Omar Shah,omar922@gmail.com
Omar Shah,omar923@gmail.com
Omar Shah,omar924@gmail.com
Omar Shah,omar925@gmail.com
Omar Shah,omar926@gmail.com
Omar Shah,omar927@gmail.com
Omar Shah,omar928@gmail.com
Omar Shah,omar929@gmail.com
Omar Shah,omar930@gmail.com
Omar Shah,omar931@gmail.com
Omar Shah,omar932@gmail.com
Omar Shah,omar933@gmail.com
Omar Shah,omar934@gmail.com
Omar Shah,omar935@gmail.com
Omar Shah,omar936@gmail.com
Omar Shah,omar937@gmail.com
Omar Shah,omar938@gmail.com
Omar Shah,omar939@gmail.com
Omar Shah,omar940@gmail.com
Omar Shah,omar941@gmail.com
Omar Shah,omar942@gmail.com
Omar Shah,omar943@gmail.com
Omar Shah,omar944@gmail.com
Omar Shah,omar945@gmail.com
Omar Shah,omar946@gmail.com
Omar Shah,omar947@gmail.com
Omar Shah,omar948@gmail.com
Omar Shah,omar949@gmail.com
Omar Shah,omar950@gmail.com
Omar Shah,omar951@gmail.com
Omar Shah,omar952@gmail.com
Omar Shah,omar953@gmail.com
Omar Shah,omar954@gmail.com
Omar Shah,omar955@gmail.com
Omar Shah,omar956@gmail.com
Omar Shah,omar957@gmail.com
Omar Shah,omar958@gmail.com
Omar Shah,omar959@gmail.com
Omar Shah,omar960@gmail.com
Omar Shah,omar961@gmail.com
Omar Shah,omar962@gmail.com
Omar Shah,omar963@gmail.com
Omar Shah,omar964@gmail.com
Omar Shah,omar965@gmail.com
Omar Shah,omar966@gmail.com
Omar Shah,omar967@gmail.com
Omar Shah,omar968@gmail.com
Omar Shah,omar969@gmail.com
Omar Shah,omar970@gmail.com
Omar Shah,omar971@gmail.com
Omar Shah,omar972@gmail.com
Omar Shah,omar973@gmail.com
Omar Shah,omar974@gmail.com
Omar Shah,omar975@gmail.com
Omar Shah,omar976@gmail.com
Omar Shah,omar977@gmail.com
Omar Shah,omar978@gmail.com
Omar Shah,omar979@gmail.com
Omar Shah,omar980@gmail.com
Omar Shah,omar981@gmail.com
Omar Shah,omar982@gmail.com
Omar Shah,omar983@gmail.com
Omar Shah,omar984@gmail.com
Omar Shah,omar985@gmail.com
Omar Shah,omar986@gmail.com
Omar Shah,omar987@gmail.com
Omar Shah,omar988@gmail.com
Omar Shah,omar989@gmail.com
Omar Shah,omar990@gmail.com
Omar Shah,omar991@gmail.com
Omar Shah,omar992@gmail.com
Omar Shah,omar993@gmail.com
Omar Shah,omar994@gmail.com
Omar Shah,omar995@gmail.com
Omar Shah,omar996@gmail.com
Omar Shah,omar997@gmail.com
Omar Shah,omar998@gmail.com
Omar Shah,omar999@gmail.com
Omar Shah,omar1000@gmail.com
